iteration,record_id,n_inclusions,label
0,26603,1,1
1,45521,1,0
2,32061,1,0
3,32370,1,0
4,33221,1,0
5,6451,1,0
6,27401,1,0
7,31333,1,0
8,27251,1,0
9,355,1,0
10,647,1,0
11,27987,1,0
12,29800,1,0
13,43183,1,0
14,27172,1,0
15,32044,1,0
16,29308,1,0
17,3388,1,0
18,29368,1,0
19,30552,2,1
20,31205,2,0
21,13581,3,1
22,28096,3,0
23,17679,3,0
24,10911,3,0
25,28065,4,1
26,27937,5,1
27,29148,5,0
28,15007,6,1
29,31313,7,1
30,44217,7,0
31,2700,7,0
32,24038,7,0
33,19098,7,0
34,18606,8,1
35,13308,9,1
36,46375,10,1
37,3403,10,0
38,11768,11,1
39,13394,11,0
40,2701,11,0
41,28238,12,1
42,29619,12,0
43,914,12,0
44,46373,13,1
45,16610,13,0
46,45192,13,0
47,18991,13,0
48,46063,13,0
49,10890,13,0
50,24177,13,0
51,27041,13,0
52,28498,13,0
53,15555,14,1
54,30462,14,0
55,28054,14,0
56,46374,15,1
57,42281,15,0
58,2711,15,0
59,10249,15,0
60,21489,15,0
61,22861,15,0
62,43966,15,0
63,31135,16,1
64,31136,16,0
65,43062,17,1
66,16037,17,0
67,13393,18,1
68,11685,19,1
69,23546,19,0
70,15978,19,0
71,12013,20,1
72,23946,21,1
73,12307,21,0
74,9980,21,0
75,10864,21,0
76,14093,21,0
77,25184,21,0
78,28143,21,0
79,16226,22,1
80,13543,22,0
81,15720,22,0
82,24991,22,0
83,16221,22,0
84,32010,22,0
85,16276,23,1
86,7460,23,0
87,11394,23,0
88,10741,23,0
89,15661,23,0
90,12087,23,0
91,2894,24,1
92,10209,24,0
93,25978,24,0
94,12990,24,0
95,32432,24,0
96,28574,24,0
97,10231,24,0
98,10389,24,0
99,28124,24,0
100,23689,24,0
101,22801,24,0
102,13533,24,0
103,10742,24,0
104,35628,24,0
105,16456,25,1
106,15906,25,0
107,15948,25,0
108,45536,25,0
109,28542,25,0
110,31125,25,0
111,28484,26,1
112,25730,26,0
113,22884,27,1
114,10804,27,0
115,16531,27,0
116,3372,27,0
117,43601,27,0
118,12186,27,0
119,11529,27,0
120,7050,27,0
121,10783,27,0
122,29782,27,0
123,27081,27,0
124,31204,27,0
125,15082,28,1
126,15865,28,0
127,22601,29,1
128,14014,30,1
129,19684,30,0
130,2819,30,0
131,10630,30,0
132,9167,30,0
133,12062,30,0
134,11179,30,0
135,13739,30,0
136,20956,30,0
137,26092,30,0
138,1902,30,0
139,43564,31,1
140,15497,31,0
141,43243,31,0
142,9272,31,0
143,31198,31,0
144,24611,31,0
145,14733,31,0
146,2647,31,0
147,24191,31,0
148,15737,31,0
149,46345,31,0
150,26602,31,0
151,12845,31,0
152,16368,31,0
153,16735,32,1
154,32443,32,0
155,26803,32,0
156,27483,32,0
157,45912,33,1
158,43356,33,0
159,14798,33,0
160,10263,33,0
161,10835,33,0
162,8093,33,0
163,20962,33,0
164,17803,33,0
165,10147,33,0
166,31408,33,0
167,4849,33,0
168,17809,33,0
169,24844,33,0
170,29228,33,0
171,28694,33,0
172,14026,33,0
173,16421,33,0
174,12460,33,0
175,45535,33,0
176,28585,34,1
177,30262,34,0
178,3373,34,0
179,38104,34,0
180,10862,34,0
181,13370,34,0
182,24328,34,0
183,10124,35,1
184,14298,35,0
185,28271,35,0
186,7459,36,1
187,30635,36,0
188,28760,36,0
189,880,36,0
190,10738,36,0
191,14104,36,0
192,27096,36,0
193,46090,37,1
194,14747,37,0
195,14385,37,0
196,10759,37,0
197,27866,38,1
198,9845,38,0
199,2818,39,1
200,13294,39,0
201,11548,39,0
202,13295,39,0
203,15332,39,0
204,10184,39,0
205,44436,39,0
206,10235,39,0
207,11075,40,1
208,46091,40,0
209,15159,40,0
210,30551,40,0
211,16186,40,0
212,12243,40,0
213,27950,40,0
214,16207,40,0
215,16263,41,1
216,23217,41,0
217,16575,41,0
218,28592,41,0
219,13085,41,0
220,11546,42,1
221,9526,42,0
222,27050,42,0
223,10722,42,0
224,16574,42,0
225,5225,42,0
226,31225,42,0
227,1613,42,0
228,7488,42,0
229,15364,42,0
230,12076,42,0
231,27014,43,1
232,19623,43,0
233,13228,43,0
234,45599,44,1
235,10274,44,0
236,6835,44,0
237,13293,44,0
238,13520,44,0
239,27526,44,0
240,15556,44,0
241,28095,44,0
242,2103,44,0
243,42639,44,0
244,10018,44,0
245,2686,44,0
246,25798,44,0
247,11833,44,0
248,16136,45,1
249,20948,45,0
250,7385,45,0
251,28870,45,0
252,25675,45,0
253,14757,45,0
254,14765,45,0
255,8670,45,0
256,42919,45,0
257,45179,45,0
258,10729,45,0
259,10660,45,0
260,9659,45,0
261,11025,45,0
262,9269,45,0
263,15673,45,0
264,27889,45,0
265,11351,45,0
266,30073,45,0
267,11326,45,0
268,29208,45,0
269,14485,45,0
270,17590,45,0
271,14046,45,0
272,16402,45,0
273,46004,45,0
274,12907,45,0
275,14876,45,0
276,15980,45,0
277,10978,45,0
278,28287,45,0
279,29058,45,0
280,37377,45,0
281,10620,45,0
282,15719,45,0
283,10119,45,0
284,29205,45,0
285,18226,45,0
286,13069,45,0
287,29424,45,0
288,12229,45,0
289,28635,45,0
290,30358,46,1
291,19664,46,0
292,2095,46,0
293,44341,46,0
294,29543,46,0
295,10422,46,0
296,2150,46,0
297,31397,46,0
298,27102,46,0
299,7852,46,0
300,23264,46,0
301,29986,46,0
302,29797,46,0
303,15300,47,1
304,10737,47,0
305,28101,47,0
306,7487,47,0
307,28120,47,0
308,6518,47,0
309,10968,47,0
310,42280,47,0
311,29872,47,0
312,32023,47,0
313,24820,47,0
314,4499,47,0
315,2717,47,0
316,29864,47,0
317,16224,47,0
318,14919,47,0
319,45515,47,0
320,917,47,0
321,14847,47,0
322,11059,47,0
323,31589,47,0
324,27083,47,0
325,586,47,0
326,30433,47,0
327,13803,47,0
328,41874,47,0
329,2105,47,0
330,44094,47,0
331,27087,47,0
332,12303,47,0
333,45514,47,0
334,29622,47,0
335,28569,47,0
336,11166,47,0
337,24555,47,0
338,29873,47,0
339,29322,47,0
340,596,47,0
341,903,47,0
342,16375,47,0
343,43835,47,0
344,14748,47,0
345,14731,47,0
346,7184,47,0
347,31687,47,0
348,10088,47,0
349,5903,47,0
350,11298,47,0
351,26745,47,0
352,25444,47,0
353,3992,47,0
354,9626,47,0
355,25431,47,0
356,1636,47,0
357,711,47,0
358,11161,47,0
359,43148,47,0
360,12993,47,0
361,1490,47,0
362,12713,47,0
363,42712,47,0
364,29084,47,0
365,13536,47,0
366,12470,47,0
367,29664,47,0
368,10346,47,0
369,30260,47,0
370,46028,47,0
371,5743,47,0
372,14800,47,0
373,7699,47,0
374,19641,47,0
375,23576,47,0
376,30434,47,0
377,4992,47,0
378,22550,47,0
379,454,47,0
380,12133,47,0
381,19619,47,0
382,16309,47,0
383,13210,47,0
384,12168,47,0
385,9925,47,0
386,16437,47,0
387,16545,48,1
388,28631,48,0
389,28463,49,1
390,29430,49,0
391,38816,49,0
392,27108,49,0
393,16629,49,0
394,11156,49,0
395,11540,49,0
396,14299,49,0
397,6666,49,0
398,13437,49,0
399,9829,49,0
400,9940,49,0
401,31677,49,0
402,26907,49,0
403,30927,49,0
404,13951,49,0
405,25061,49,0
406,26219,49,0
407,31226,49,0
408,12454,49,0
409,26743,49,0
410,13387,49,0
411,38321,49,0
412,46007,49,0
413,30624,49,0
414,18266,49,0
415,23336,49,0
416,13201,49,0
417,25902,49,0
418,2716,49,0
419,44733,49,0
420,11089,49,0
421,27701,49,0
422,10058,49,0
423,28564,49,0
424,13202,49,0
425,10518,49,0
426,11864,49,0
427,28416,49,0
428,32127,49,0
429,7429,49,0
430,30280,49,0
431,24343,49,0
432,22408,49,0
433,31825,49,0
434,10659,49,0
435,43260,49,0
436,2681,49,0
437,14499,49,0
438,27287,50,1
439,10191,50,0
440,30234,50,0
441,11385,50,0
442,27290,50,0
443,5996,50,0
444,1978,50,0
445,4192,50,0
446,45756,50,0
447,23007,50,0
448,11382,50,0
449,4032,50,0
450,26583,50,0
451,45810,50,0
452,11110,50,0
453,10777,50,0
454,28597,50,0
455,25907,50,0
456,45758,51,1
457,17987,51,0
458,29214,51,0
459,18813,51,0
460,27029,51,0
461,20584,51,0
462,28222,51,0
463,29867,51,0
464,20914,51,0
465,15659,51,0
466,22327,51,0
467,30623,51,0
468,12481,51,0
469,11505,51,0
470,8281,51,0
471,11083,51,0
472,28781,51,0
473,32270,51,0
474,24955,51,0
475,45495,51,0
476,25631,51,0
477,32193,51,0
478,41063,51,0
479,29972,51,0
480,23279,51,0
481,14900,51,0
482,1635,51,0
483,1826,51,0
484,27053,51,0
485,27770,51,0
486,6103,51,0
487,11001,51,0
488,45282,51,0
489,44227,51,0
490,11045,51,0
491,20585,51,0
492,5224,51,0
493,27553,51,0
494,32192,51,0
495,8928,51,0
496,29122,51,0
497,13226,51,0
498,7877,51,0
499,27304,51,0
500,10673,51,0
501,15252,51,0
502,699,51,0
503,31601,51,0
504,46092,51,0
505,13291,51,0
506,16651,51,0
507,13652,51,0
508,16141,51,0
509,31785,51,0
510,27706,51,0
511,19361,51,0
512,45936,51,0
513,38135,51,0
514,29900,51,0
515,17814,51,0
516,28470,51,0
517,10743,51,0
518,9,51,0
519,22147,51,0
520,11055,51,0
521,27211,51,0
522,6195,51,0
523,24152,51,0
524,17055,51,0
525,5686,51,0
526,24044,51,0
527,28652,51,0
528,13282,51,0
529,10149,51,0
530,11560,51,0
531,13389,51,0
532,30224,51,0
533,30690,51,0
534,28058,51,0
535,10884,51,0
536,28518,51,0
537,13947,51,0
538,16262,51,0
539,10450,51,0
540,20113,51,0
541,14766,52,1
542,34424,52,0
543,9745,52,0
544,46194,52,0
545,13462,52,0
546,636,52,0
547,26164,52,0
548,17190,52,0
549,20362,52,0
550,27591,52,0
551,13715,52,0
552,11888,52,0
553,657,52,0
554,45044,52,0
555,18273,52,0
556,13233,52,0
557,10934,52,0
558,16496,52,0
559,26601,52,0
560,25073,52,0
561,5699,52,0
562,10694,52,0
563,23266,52,0
564,19151,52,0
565,12165,52,0
566,11517,52,0
567,20950,52,0
568,22155,52,0
569,9611,52,0
570,27913,52,0
571,29157,52,0
572,15269,52,0
573,32236,52,0
574,29288,52,0
575,45705,52,0
576,14382,52,0
577,26592,52,0
578,44778,52,0
579,13338,53,1
580,43479,53,0
581,9951,53,0
582,8566,53,0
583,43507,53,0
584,42773,53,0
585,43009,53,0
586,10739,53,0
587,11143,53,0
588,13039,53,0
589,11894,53,0
590,28087,53,0
591,25338,53,0
592,29908,53,0
593,3444,53,0
594,11938,53,0
595,10238,53,0
596,14833,53,0
597,29166,53,0
598,18098,53,0
599,10421,53,0
600,11547,53,0
601,25401,53,0
602,29212,53,0
603,17824,53,0
604,11966,53,0
605,9219,53,0
606,15518,53,0
607,24565,53,0
608,30625,53,0
609,14916,53,0
610,30969,53,0
611,30095,53,0
612,12150,53,0
613,29190,53,0
614,20587,53,0
615,26351,53,0
616,10702,53,0
617,23197,53,0
618,14179,53,0
619,31138,53,0
620,9025,53,0
621,3686,53,0
622,11910,53,0
623,14031,53,0
624,7817,53,0
625,17997,53,0
626,15230,53,0
627,26195,53,0
628,30020,53,0
629,23314,53,0
630,13549,53,0
631,75,53,0
632,4595,53,0
633,20714,53,0
634,12135,53,0
635,30507,53,0
636,28643,53,0
637,5542,53,0
638,38761,53,0
639,27422,53,0
640,17728,53,0
641,19642,53,0
642,13083,53,0
643,30520,53,0
644,44594,53,0
645,46205,53,0
646,13278,53,0
647,27143,53,0
648,29116,53,0
649,26254,53,0
650,43602,53,0
651,28515,53,0
652,13407,53,0
653,28611,53,0
654,45538,53,0
655,18172,53,0
656,7293,53,0
657,29495,53,0
658,15634,53,0
659,23335,53,0
660,29033,53,0
661,11223,53,0
662,15229,53,0
663,43777,53,0
664,4913,53,0
665,13277,53,0
666,18287,53,0
667,28490,53,0
668,14774,53,0
669,16468,53,0
670,28083,53,0
671,27031,53,0
672,11447,53,0
673,20216,53,0
674,44395,53,0
675,42385,53,0
676,11028,53,0
677,30221,53,0
678,29192,53,0
679,30832,53,0
680,44233,53,0
681,28034,53,0
682,24553,53,0
683,8207,53,0
684,28398,53,0
685,15755,53,0
686,10707,53,0
687,4465,53,0
688,19506,53,0
689,5660,53,0
690,29659,53,0
691,44726,53,0
692,27187,53,0
693,30737,53,0
694,36828,53,0
695,13531,53,0
696,2803,53,0
697,21391,53,0
698,16266,53,0
699,13055,54,1
700,20590,54,0
701,10773,54,0
702,11752,54,0
703,11211,54,0
704,18731,54,0
705,20607,54,0
706,44423,54,0
707,44257,54,0
708,14436,54,0
709,43442,54,0
710,12101,54,0
711,13952,54,0
712,27877,54,0
713,14048,54,0
714,12208,54,0
715,28923,54,0
716,32365,54,0
717,45045,54,0
718,11563,54,0
719,15748,54,0
720,14199,54,0
721,2087,54,0
722,27189,54,0
723,8288,54,0
724,27201,54,0
725,18012,54,0
726,45302,54,0
727,10302,54,0
728,24742,54,0
729,22063,54,0
730,2797,54,0
731,32162,54,0
732,9026,54,0
733,29751,54,0
734,33327,54,0
735,11270,55,1
736,10922,55,0
737,30572,55,0
738,3386,55,0
739,11554,55,0
740,12308,55,0
741,23152,55,0
742,27140,55,0
743,26551,55,0
744,12415,55,0
745,34668,55,0
746,30133,55,0
747,6945,55,0
748,9843,55,0
749,16555,55,0
750,7673,55,0
751,26216,55,0
752,28449,55,0
753,10451,55,0
754,19661,55,0
755,24529,55,0
756,2190,55,0
757,25976,55,0
758,15733,55,0
759,12005,55,0
760,44321,55,0
761,20221,56,1
762,18510,56,0
763,20586,56,0
764,15480,56,0
765,29327,56,0
766,10368,56,0
767,20593,56,0
768,20591,56,0
769,12973,56,0
770,9989,56,0
771,7005,56,0
772,14746,56,0
773,27077,56,0
774,9712,56,0
775,16069,56,0
776,9773,56,0
777,32324,56,0
778,22528,56,0
779,20718,56,0
780,28460,56,0
781,29644,56,0
782,28512,56,0
783,31664,56,0
784,27903,56,0
785,22460,56,0
786,25225,56,0
787,14723,56,0
788,41072,56,0
789,31016,56,0
790,16717,56,0
791,39129,56,0
792,42330,56,0
793,41086,56,0
794,29226,56,0
795,46089,56,0
796,15595,56,0
797,28417,56,0
798,20708,56,0
799,28582,56,0
800,30976,56,0
801,43662,56,0
802,12639,56,0
803,15675,56,0
804,18313,56,0
805,2703,56,0
806,32393,56,0
807,45354,56,0
808,13513,56,0
809,30984,56,0
810,15422,56,0
811,13068,56,0
812,11609,56,0
813,43504,56,0
814,28102,56,0
815,15660,56,0
816,10352,56,0
817,18871,56,0
818,26908,56,0
819,10328,56,0
820,18216,56,0
821,30013,56,0
822,12705,56,0
823,29707,56,0
824,7098,56,0
825,39934,56,0
826,17346,56,0
827,7029,56,0
828,12459,56,0
829,1977,56,0
830,26833,56,0
831,1008,56,0
832,20832,56,0
833,21419,56,0
834,45023,56,0
835,9551,56,0
836,31175,56,0
837,29321,56,0
838,27100,56,0
839,18019,56,0
840,27142,56,0
841,13850,56,0
842,11810,56,0
843,9772,56,0
844,22420,56,0
845,15170,56,0
846,31103,56,0
847,31646,56,0
848,28320,56,0
849,5977,56,0
850,12090,56,0
851,25742,56,0
852,31469,56,0
853,67,56,0
854,29087,56,0
855,28636,56,0
856,27079,56,0
857,45100,56,0
858,13560,56,0
859,11771,56,0
860,11612,56,0
861,20660,56,0
862,3144,56,0
863,27010,56,0
864,22563,56,0
865,28037,56,0
866,12391,56,0
867,27584,56,0
868,8480,56,0
869,2707,56,0
870,27460,56,0
871,13603,56,0
872,16692,56,0
873,9531,56,0
874,21223,56,0
875,31669,56,0
876,29348,56,0
877,9578,56,0
878,10452,56,0
879,574,56,0
880,31802,56,0
881,20339,56,0
882,16102,56,0
883,10775,56,0
884,46245,56,0
885,7193,56,0
886,29890,56,0
887,37327,56,0
888,10280,56,0
889,1940,56,0
890,16116,56,0
891,21562,56,0
892,24394,56,0
893,43050,56,0
894,25760,56,0
895,12989,56,0
896,15583,56,0
897,872,56,0
898,8016,56,0
899,31958,56,0
900,10097,56,0
901,29852,56,0
902,14287,56,0
903,14126,56,0
904,11983,56,0
905,13763,56,0
906,24689,56,0
907,11335,56,0
908,29766,56,0
909,29868,56,0
910,28040,56,0
911,8863,56,0
912,19587,56,0
913,22887,56,0
914,44385,56,0
915,20588,56,0
916,29312,56,0
917,22435,56,0
918,13445,56,0
919,24561,56,0
920,13924,56,0
921,25668,56,0
922,4893,56,0
923,10714,56,0
924,32135,56,0
925,44533,56,0
926,14491,56,0
927,25221,56,0
928,10797,56,0
929,18588,56,0
930,15840,56,0
931,12128,56,0
932,2679,56,0
933,26264,56,0
934,31613,56,0
935,10479,56,0
936,7067,56,0
937,13090,56,0
938,18734,56,0
939,32068,56,0
940,7290,56,0
941,44498,56,0
942,10924,56,0
943,14224,56,0
944,22385,56,0
945,30970,56,0
946,2139,56,0
947,6003,56,0
948,17483,56,0
949,32287,56,0
950,15147,56,0
951,14545,56,0
952,16274,56,0
953,15864,56,0
954,42014,56,0
955,21638,56,0
956,27202,56,0
957,12151,56,0
958,14355,56,0
959,28575,56,0
960,29555,56,0
961,13099,56,0
962,22856,56,0
963,18835,56,0
964,19458,56,0
965,28311,56,0
966,9019,56,0
967,7799,56,0
968,43882,56,0
969,18911,56,0
970,44231,56,0
971,13883,56,0
972,12222,56,0
973,23243,56,0
974,9469,56,0
975,13991,56,0
976,10181,56,0
977,5537,56,0
978,25425,56,0
979,43408,56,0
980,27045,56,0
981,10350,56,0
982,15763,56,0
983,28482,56,0
984,29183,56,0
985,2671,56,0
986,33939,56,0
987,12833,56,0
988,43756,56,0
989,8073,56,0
990,14906,56,0
991,14975,56,0
992,27377,56,0
993,19205,56,0
994,34682,56,0
995,26650,56,0
996,1996,56,0
997,9500,56,0
998,16092,56,0
999,21920,56,0
1000,24016,56,0
1001,5978,56,0
1002,18645,56,0
1003,41704,56,0
1004,45633,56,0
1005,26366,56,0
1006,28456,56,0
1007,27472,56,0
1008,16619,56,0
1009,43275,57,1
1010,3510,57,0
1011,41982,57,0
1012,14296,57,0
1013,34405,57,0
1014,41289,57,0
1015,34220,57,0
1016,34403,57,0
1017,34402,57,0
1018,39064,57,0
1019,15866,57,0
1020,34603,57,0
1021,27493,57,0
1022,23108,57,0
1023,19698,57,0
1024,30827,57,0
1025,2596,57,0
1026,11230,57,0
1027,27876,57,0
1028,16625,57,0
1029,45877,57,0
1030,13772,57,0
1031,30467,57,0
1032,10634,57,0
1033,42696,57,0
1034,8602,57,0
1035,11862,57,0
1036,20119,57,0
1037,38339,57,0
1038,28621,57,0
1039,25554,57,0
1040,14019,57,0
1041,19510,57,0
1042,28379,57,0
1043,11015,57,0
1044,11196,57,0
1045,31795,57,0
1046,18393,57,0
1047,27506,57,0
1048,16342,57,0
1049,17829,57,0
1050,3671,57,0
1051,43947,57,0
1052,31995,57,0
1053,23138,57,0
1054,28941,57,0
1055,34071,57,0
1056,28779,57,0
1057,45783,57,0
1058,42497,57,0
1059,3020,57,0
1060,17371,57,0
1061,24860,57,0
1062,29413,57,0
1063,33908,57,0
1064,43469,57,0
1065,5239,57,0
1066,43554,57,0
1067,9680,57,0
1068,26874,57,0
1069,45957,57,0
1070,19848,57,0
1071,32238,57,0
1072,4870,57,0
1073,28761,57,0
1074,30119,57,0
1075,19869,57,0
1076,34255,57,0
1077,27727,57,0
1078,43967,57,0
1079,29182,57,0
1080,45828,57,0
1081,29089,57,0
1082,16143,57,0
1083,45047,57,0
1084,15449,57,0
1085,42759,57,0
1086,26391,57,0
1087,1917,57,0
1088,20429,57,0
1089,10733,57,0
1090,24046,57,0
1091,31580,57,0
1092,23218,57,0
1093,11651,57,0
1094,8,57,0
1095,17730,57,0
1096,27520,57,0
1097,7974,57,0
1098,19065,57,0
1099,5536,57,0
1100,11550,57,0
1101,24978,57,0
1102,29567,57,0
1103,39148,57,0
1104,3016,57,0
1105,44768,57,0
1106,13796,57,0
1107,15009,57,0
1108,27113,57,0
1109,2524,57,0
1110,12488,57,0
1111,568,57,0
1112,1641,57,0
1113,2706,57,0
1114,45652,57,0
1115,10215,57,0
1116,30592,57,0
1117,16667,57,0
1118,29871,57,0
1119,34859,57,0
1120,17542,57,0
1121,6387,57,0
1122,10275,57,0
1123,21234,57,0
1124,23405,57,0
1125,12655,57,0
1126,27495,57,0
1127,15336,57,0
1128,27119,57,0
1129,3882,57,0
1130,4543,57,0
1131,28071,57,0
1132,30270,57,0
1133,24094,57,0
1134,35875,57,0
1135,45757,57,0
1136,17381,57,0
1137,30009,57,0
1138,28629,57,0
1139,33709,57,0
1140,27409,57,0
1141,29223,57,0
1142,10469,57,0
1143,15363,57,0
1144,29355,57,0
1145,15912,57,0
1146,44371,57,0
1147,426,57,0
1148,19466,57,0
1149,31008,57,0
1150,33525,57,0
1151,19391,57,0
1152,11578,57,0
1153,46088,57,0
1154,10414,57,0
1155,11688,57,0
1156,45474,57,0
1157,45093,57,0
1158,23027,57,0
1159,12694,57,0
1160,4997,57,0
1161,10453,57,0
1162,14038,57,0
1163,10382,57,0
1164,20134,57,0
1165,28226,57,0
1166,21677,57,0
1167,28637,57,0
1168,19563,57,0
1169,26760,57,0
1170,11871,57,0
1171,33707,57,0
1172,28297,57,0
1173,4009,57,0
1174,11766,57,0
1175,31877,57,0
1176,41651,57,0
1177,13485,57,0
1178,13036,57,0
1179,28123,57,0
1180,7868,57,0
1181,29481,57,0
1182,43733,57,0
1183,28628,57,0
1184,11452,57,0
1185,31660,57,0
1186,12298,57,0
1187,9607,57,0
1188,41803,57,0
1189,28595,57,0
1190,31467,57,0
1191,35399,57,0
1192,31426,57,0
1193,20667,57,0
1194,22389,57,0
1195,9562,57,0
1196,26467,57,0
1197,44570,57,0
1198,44284,57,0
1199,26510,57,0
1200,14538,57,0
1201,14717,57,0
1202,12575,57,0
1203,21399,57,0
1204,1634,57,0
1205,43848,57,0
1206,30748,57,0
1207,10945,57,0
1208,30171,57,0
1209,25483,57,0
1210,21359,57,0
1211,13460,57,0
1212,3627,57,0
1213,27496,57,0
1214,12115,57,0
1215,34400,57,0
1216,44707,57,0
1217,2359,57,0
1218,12775,57,0
1219,6408,57,0
1220,11589,57,0
1221,17112,57,0
1222,37480,57,0
1223,27109,57,0
1224,10374,57,0
1225,10514,57,0
1226,25466,57,0
1227,26742,57,0
1228,10780,57,0
1229,12939,57,0
1230,19383,57,0
1231,18590,57,0
1232,31901,57,0
1233,7727,57,0
1234,23403,57,0
1235,6030,57,0
1236,4693,57,0
1237,36858,57,0
1238,35259,57,0
1239,28807,57,0
1240,31160,57,0
1241,45236,57,0
1242,31338,57,0
1243,11545,57,0
1244,42949,57,0
1245,27038,57,0
1246,24999,57,0
1247,16156,57,0
1248,9289,57,0
1249,3621,57,0
1250,8014,57,0
1251,46076,57,0
1252,43555,57,0
1253,22883,57,0
1254,28107,57,0
1255,13625,57,0
1256,20548,57,0
1257,11793,57,0
1258,13070,57,0
1259,34860,57,0
1260,13998,57,0
1261,11034,57,0
1262,31216,57,0
1263,30398,57,0
1264,22535,57,0
1265,31149,57,0
1266,9823,57,0
1267,1130,57,0
1268,28066,57,0
1269,30589,57,0
1270,12492,57,0
1271,9129,57,0
1272,20663,57,0
1273,27146,57,0
1274,15573,57,0
1275,40349,57,0
1276,8972,57,0
1277,13497,57,0
1278,13766,57,0
1279,22562,57,0
1280,15155,57,0
1281,12556,57,0
1282,28094,57,0
1283,28544,57,0
1284,30472,57,0
1285,23484,57,0
1286,27686,57,0
1287,10355,57,0
1288,29442,57,0
1289,31287,57,0
1290,25334,57,0
1291,7824,57,0
1292,12369,57,0
1293,23428,57,0
1294,11219,57,0
1295,44512,57,0
1296,28634,57,0
1297,38158,57,0
1298,28288,57,0
1299,9541,57,0
1300,20592,57,0
1301,36131,57,0
1302,27337,57,0
1303,20666,57,0
1304,24448,57,0
1305,16399,57,0
1306,19442,57,0
1307,10525,57,0
1308,23052,57,0
1309,1769,57,0
1310,28508,57,0
1311,4519,57,0
1312,22520,57,0
1313,19837,57,0
1314,22911,57,0
1315,7465,58,1
1316,29874,58,0
1317,7186,58,0
1318,21221,58,0
1319,7873,58,0
1320,11902,58,0
1321,43481,58,0
1322,30975,58,0
1323,13307,58,0
1324,21418,58,0
1325,30576,58,0
1326,18644,58,0
1327,28298,58,0
1328,12949,58,0
1329,14768,58,0
1330,28014,58,0
1331,9924,58,0
1332,45358,58,0
1333,12216,58,0
1334,6407,58,0
1335,28516,58,0
1336,26471,58,0
1337,7869,58,0
1338,6073,58,0
1339,31059,58,0
1340,31665,58,0
1341,20949,58,0
1342,28526,58,0
1343,2046,58,0
1344,14473,58,0
1345,28073,58,0
1346,15280,58,0
1347,9738,58,0
1348,14071,58,0
1349,6136,58,0
1350,42064,58,0
1351,13155,58,0
1352,11119,58,0
1353,2807,58,0
1354,1329,58,0
1355,11421,58,0
1356,44741,58,0
1357,26569,58,0
1358,42086,58,0
1359,19721,58,0
1360,5181,58,0
1361,10636,58,0
1362,11081,58,0
1363,10080,58,0
1364,28419,58,0
1365,27917,58,0
1366,21058,58,0
1367,7808,58,0
1368,9945,58,0
1369,11875,58,0
1370,29267,58,0
1371,30926,58,0
1372,44676,58,0
1373,10846,58,0
1374,26419,58,0
1375,23207,58,0
1376,28830,58,0
1377,9570,58,0
1378,21295,58,0
1379,28075,58,0
1380,31641,58,0
1381,16269,58,0
1382,13378,58,0
1383,28811,58,0
1384,37512,58,0
1385,13224,58,0
1386,13078,58,0
1387,27098,58,0
1388,34215,58,0
1389,45204,58,0
1390,29196,58,0
1391,10701,58,0
1392,13936,58,0
1393,27856,58,0
1394,4777,58,0
1395,45685,58,0
1396,22049,58,0
1397,35294,58,0
1398,10068,58,0
1399,13079,58,0
1400,855,58,0
1401,22527,58,0
1402,12127,58,0
1403,13537,58,0
1404,43371,58,0
1405,15798,58,0
1406,6240,58,0
1407,27669,58,0
1408,12465,58,0
1409,20390,58,0
1410,13797,58,0
1411,27488,58,0
1412,8328,58,0
1413,4899,58,0
1414,31946,58,0
1415,42844,58,0
1416,14888,58,0
1417,2192,58,0
1418,13508,58,0
1419,28686,58,0
1420,11295,58,0
1421,44328,58,0
1422,7413,58,0
1423,13081,58,0
1424,12287,58,0
1425,24804,58,0
1426,6889,58,0
1427,19907,58,0
1428,29835,58,0
1429,35550,58,0
1430,15781,58,0
1431,13660,58,0
1432,6870,58,0
1433,14855,58,0
1434,3495,58,0
1435,21438,58,0
1436,19278,58,0
1437,45295,58,0
1438,6980,58,0
1439,28108,58,0
1440,43626,58,0
1441,11160,58,0
1442,21022,58,0
1443,18876,58,0
1444,26733,58,0
1445,34962,59,1
1446,11925,59,0
1447,25015,59,0
1448,31965,59,0
1449,32392,59,0
1450,33736,59,0
1451,35612,59,0
1452,11781,59,0
1453,5062,59,0
1454,45399,59,0
1455,15640,59,0
1456,42274,59,0
1457,5018,59,0
1458,23046,59,0
1459,31571,59,0
1460,37342,59,0
1461,13676,59,0
1462,3484,59,0
1463,13443,59,0
1464,2037,59,0
1465,1633,59,0
1466,28268,59,0
1467,32985,59,0
1468,15862,59,0
1469,14370,59,0
1470,17602,59,0
1471,30931,59,0
1472,9911,59,0
1473,43226,59,0
1474,46015,59,0
1475,21636,59,0
1476,10141,59,0
1477,27191,59,0
1478,1781,59,0
1479,5408,59,0
1480,2138,59,0
1481,25271,59,0
1482,18736,59,0
1483,6277,59,0
1484,29947,59,0
1485,4303,59,0
1486,26456,59,0
1487,27485,59,0
1488,1915,59,0
1489,21410,59,0
1490,882,59,0
1491,7950,59,0
1492,12203,59,0
1493,26131,59,0
1494,1618,59,0
1495,43671,59,0
1496,18892,59,0
1497,2107,59,0
1498,13341,59,0
1499,10709,59,0
1500,20961,59,0
1501,46102,59,0
1502,26562,59,0
1503,30286,59,0
1504,29971,59,0
1505,10633,59,0
1506,14971,59,0
1507,31755,59,0
1508,14063,59,0
1509,11134,59,0
1510,30090,59,0
1511,17159,59,0
1512,27107,59,0
1513,17696,59,0
1514,3666,59,0
1515,4198,59,0
1516,19536,59,0
1517,19444,59,0
1518,14520,59,0
1519,29741,59,0
1520,30736,59,0
1521,28272,59,0
1522,12979,59,0
1523,11079,59,0
1524,15951,59,0
1525,24490,59,0
1526,5969,59,0
1527,16728,59,0
1528,46033,59,0
1529,16204,59,0
1530,27592,59,0
1531,27027,59,0
1532,29277,59,0
1533,14568,59,0
1534,33871,59,0
1535,15174,59,0
1536,25685,59,0
1537,32038,59,0
1538,43367,59,0
1539,28704,59,0
1540,44760,59,0
1541,13656,59,0
1542,10746,59,0
1543,12449,59,0
1544,43865,59,0
1545,6864,59,0
1546,28098,59,0
1547,25533,59,0
1548,15998,59,0
1549,10657,59,0
1550,30024,59,0
1551,27001,59,0
1552,5185,59,0
1553,26411,59,0
1554,29184,59,0
1555,3577,59,0
1556,33836,59,0
1557,45815,59,0
1558,11750,59,0
1559,45911,59,0
1560,11533,59,0
1561,30547,59,0
1562,44558,59,0
1563,22733,59,0
1564,14466,59,0
1565,14843,59,0
1566,29892,59,0
1567,15390,59,0
1568,30440,59,0
1569,15614,59,0
1570,13519,59,0
1571,8309,59,0
1572,18742,59,0
1573,24278,59,0
1574,31639,59,0
1575,13997,59,0
1576,18485,59,0
1577,21657,59,0
1578,10989,59,0
1579,29831,59,0
1580,34436,59,0
1581,25155,59,0
1582,19451,59,0
1583,36848,59,0
1584,28571,59,0
1585,10724,59,0
1586,25866,59,0
1587,39612,59,0
1588,30386,59,0
1589,20803,59,0
1590,19246,59,0
1591,13789,59,0
1592,18017,59,0
1593,4821,59,0
1594,16733,59,0
1595,3652,59,0
1596,42338,59,0
1597,14338,59,0
1598,32296,59,0
1599,24676,59,0
1600,28527,59,0
1601,12356,59,0
1602,12397,59,0
1603,14842,59,0
1604,38150,59,0
1605,22439,59,0
1606,13056,59,0
1607,8194,59,0
1608,18387,59,0
1609,29140,59,0
1610,15643,59,0
1611,13442,59,0
1612,29501,59,0
1613,2697,59,0
1614,15106,59,0
1615,30208,59,0
1616,10686,59,0
1617,15804,59,0
1618,230,59,0
1619,2147,59,0
1620,8106,59,0
1621,1926,59,0
1622,13539,59,0
1623,30528,59,0
1624,25166,59,0
1625,716,59,0
1626,10281,59,0
1627,4717,59,0
1628,23624,59,0
1629,11395,59,0
1630,29932,59,0
1631,19443,59,0
1632,25591,59,0
1633,44050,59,0
1634,29643,59,0
1635,18340,59,0
1636,14380,59,0
1637,4502,59,0
1638,21152,59,0
1639,1109,59,0
1640,15460,59,0
1641,28092,59,0
1642,10664,59,0
1643,18904,59,0
1644,44171,59,0
1645,9736,59,0
1646,17179,59,0
1647,32286,59,0
1648,29480,59,0
1649,26944,59,0
1650,5254,59,0
1651,13214,59,0
1652,30629,59,0
1653,18383,59,0
1654,20589,59,0
1655,12486,59,0
1656,25865,59,0
1657,25148,59,0
1658,11117,59,0
1659,23756,59,0
1660,25194,59,0
1661,25825,59,0
1662,31450,59,0
1663,23839,59,0
1664,28533,59,0
1665,25761,59,0
1666,28406,59,0
1667,10548,59,0
1668,5160,59,0
1669,32009,59,0
1670,13450,59,0
1671,22792,59,0
1672,23086,59,0
1673,7032,59,0
1674,16578,59,0
1675,11432,59,0
1676,2092,59,0
1677,32173,59,0
1678,9963,59,0
1679,25805,59,0
1680,10236,59,0
1681,12864,59,0
1682,1817,59,0
1683,13525,59,0
1684,17985,59,0
1685,4203,59,0
1686,21138,59,0
1687,11779,59,0
1688,28026,59,0
1689,14970,59,0
1690,46297,59,0
1691,10207,59,0
1692,13092,59,0
1693,30359,59,0
1694,11664,59,0
1695,5444,59,0
1696,16004,59,0
1697,31353,59,0
1698,28069,59,0
1699,41739,59,0
1700,29230,59,0
1701,13552,59,0
1702,24916,59,0
1703,30225,59,0
1704,1050,59,0
1705,19876,59,0
1706,29930,59,0
1707,26751,59,0
1708,27158,59,0
1709,26381,59,0
1710,27451,59,0
1711,44711,59,0
1712,11150,59,0
1713,10268,59,0
1714,5687,59,0
1715,12176,59,0
1716,21588,59,0
1717,30825,59,0
1718,7359,59,0
1719,17471,59,0
1720,28225,59,0
1721,8838,59,0
1722,14073,59,0
1723,38312,59,0
1724,28801,59,0
1725,30618,59,0
1726,7264,59,0
1727,27275,59,0
1728,10876,59,0
1729,10357,59,0
1730,2582,59,0
1731,30429,60,1
1732,2586,60,0
1733,14845,60,0
1734,2085,60,0
1735,31371,60,0
1736,2714,60,0
1737,11205,60,0
1738,4179,60,0
1739,38160,60,0
1740,12529,60,0
1741,31253,60,0
1742,24773,60,0
1743,30619,60,0
1744,21643,60,0
1745,45833,60,0
1746,25255,60,0
1747,17732,60,0
1748,32383,60,0
1749,5591,60,0
1750,43446,60,0
1751,7746,60,0
1752,24719,60,0
1753,13467,60,0
1754,10259,60,0
1755,15667,60,0
1756,21013,60,0
1757,44352,60,0
1758,23253,60,0
1759,30930,60,0
1760,20167,60,0
1761,24862,60,0
1762,15584,60,0
1763,43443,60,0
1764,29954,60,0
1765,1067,60,0
1766,24120,60,0
1767,7866,60,0
1768,23245,60,0
1769,28462,60,0
1770,24479,60,0
1771,43916,60,0
1772,42806,60,0
1773,17561,60,0
1774,42099,60,0
1775,43753,60,0
1776,14438,60,0
1777,30083,60,0
1778,8825,60,0
1779,6534,60,0
1780,25737,60,0
1781,43242,60,0
1782,25570,60,0
1783,31351,60,0
1784,15071,60,0
1785,42936,60,0
1786,31822,60,0
1787,28543,60,0
1788,17807,60,0
1789,18935,60,0
1790,20248,60,0
1791,16729,60,0
1792,14770,60,0
1793,31352,60,0
1794,20582,60,0
1795,23755,60,0
1796,30605,60,0
1797,32159,60,0
1798,16039,60,0
1799,32077,60,0
1800,25826,60,0
1801,39409,60,0
1802,29621,60,0
1803,13191,60,0
1804,6207,60,0
1805,935,60,0
1806,120,60,0
1807,44825,60,0
1808,23554,60,0
1809,29491,60,0
1810,23454,60,0
1811,30663,60,0
1812,27421,60,0
1813,26885,60,0
1814,13515,60,0
1815,43301,60,0
1816,7211,60,0
1817,9503,60,0
1818,2176,60,0
1819,13084,60,0
1820,30364,60,0
1821,10631,60,0
1822,11904,60,0
1823,9639,60,0
1824,17672,60,0
1825,7263,60,0
1826,18444,60,0
1827,28708,60,0
1828,4940,60,0
1829,31012,60,0
1830,28586,60,0
1831,25367,60,0
1832,23505,60,0
1833,15956,60,0
1834,26560,60,0
1835,27699,60,0
1836,12969,60,0
1837,26716,60,0
1838,46104,60,0
1839,28524,60,0
1840,42415,60,0
1841,19030,60,0
1842,32479,60,0
1843,30042,60,0
1844,8824,60,0
1845,6215,60,0
1846,40160,60,0
1847,31159,60,0
1848,4990,60,0
1849,27938,60,0
1850,13004,60,0
1851,28981,60,0
1852,11929,60,0
1853,30412,60,0
1854,13812,60,0
1855,4987,60,0
1856,18179,60,0
1857,2829,60,0
1858,27343,60,0
1859,38577,60,0
1860,19740,60,0
1861,5014,60,0
1862,23783,60,0
1863,21476,60,0
1864,43707,60,0
1865,21597,60,0
1866,7659,60,0
1867,32852,60,0
1868,31458,60,0
1869,10909,60,0
1870,2667,60,0
1871,14752,60,0
1872,43008,60,0
1873,16241,60,0
1874,25389,60,0
1875,9929,60,0
1876,37215,60,0
1877,28602,60,0
1878,15586,60,0
1879,36327,60,0
1880,23389,60,0
1881,12268,60,0
1882,4574,60,0
1883,11649,60,0
1884,10195,60,0
1885,21069,60,0
1886,13565,60,0
1887,25669,60,0
1888,22278,60,0
1889,26896,60,0
1890,26350,60,0
1891,4512,60,0
1892,36159,60,0
1893,20672,60,0
1894,32408,60,0
1895,7781,60,0
1896,45478,60,0
1897,9665,60,0
1898,24661,60,0
1899,16544,60,0
1900,13403,60,0
1901,24340,60,0
1902,20561,60,0
1903,7737,60,0
1904,13587,60,0
1905,22025,60,0
1906,16360,60,0
1907,17645,60,0
1908,22433,60,0
1909,15817,60,0
1910,2666,60,0
1911,13532,60,0
1912,2742,60,0
1913,9663,60,0
1914,14712,60,0
1915,591,60,0
1916,7874,60,0
1917,28155,60,0
1918,43253,60,0
1919,10218,60,0
1920,10696,60,0
1921,25588,60,0
1922,26279,60,0
1923,10772,60,0
1924,11995,60,0
1925,10763,60,0
1926,27285,60,0
1927,44103,60,0
1928,20056,60,0
1929,124,60,0
1930,37213,60,0
1931,33118,60,0
1932,14483,60,0
1933,22442,60,0
1934,30470,60,0
1935,29553,60,0
1936,27094,60,0
1937,17825,60,0
1938,34406,60,0
1939,3145,60,0
1940,13910,60,0
1941,10264,60,0
1942,31816,60,0
1943,9565,60,0
1944,17870,60,0
1945,21141,60,0
1946,27534,60,0
1947,30297,60,0
1948,24786,60,0
1949,14785,60,0
1950,10013,60,0
1951,30574,60,0
1952,13274,60,0
1953,30962,60,0
1954,10415,60,0
1955,14091,60,0
1956,3428,60,0
1957,27814,60,0
1958,32438,60,0
1959,28378,60,0
1960,8289,60,0
1961,27926,60,0
1962,10977,60,0
1963,33451,60,0
1964,21381,60,0
1965,3019,60,0
1966,2731,60,0
1967,27953,60,0
1968,16166,60,0
1969,30706,60,0
1970,16271,60,0
1971,32017,60,0
1972,30054,60,0
1973,12442,60,0
1974,26565,60,0
1975,11124,60,0
1976,45762,60,0
1977,23668,60,0
1978,10077,60,0
1979,13217,60,0
1980,25209,60,0
1981,45712,60,0
1982,486,60,0
1983,32255,60,0
1984,45997,60,0
1985,2705,60,0
1986,11872,60,0
1987,20518,60,0
1988,17847,60,0
1989,45555,60,0
1990,24592,60,0
1991,20271,60,0
1992,31498,60,0
1993,16255,60,0
1994,22269,60,0
1995,8560,60,0
1996,30132,60,0
1997,11527,60,0
1998,32831,60,0
1999,14323,60,0
2000,14197,60,0
2001,40942,60,0
2002,26621,60,0
2003,41191,60,0
2004,43589,60,0
2005,7150,60,0
2006,12426,60,0
2007,31577,60,0
2008,26805,60,0
2009,28657,60,0
2010,7871,60,0
2011,19464,60,0
2012,32339,60,0
2013,24441,60,0
2014,29768,60,0
2015,17632,60,0
2016,11536,60,0
2017,13364,60,0
2018,11462,60,0
2019,15676,60,0
2020,25940,60,0
2021,29193,60,0
2022,25186,60,0
2023,44322,60,0
2024,20857,60,0
2025,29173,60,0
2026,16242,60,0
2027,18502,60,0
2028,6584,60,0
2029,6535,60,0
2030,24702,60,0
2031,40136,60,0
2032,7772,60,0
2033,4505,60,0
2034,42505,60,0
2035,29401,60,0
2036,40468,60,0
2037,45390,60,0
2038,34399,60,0
2039,19671,60,0
2040,23782,60,0
2041,42855,60,0
2042,10962,60,0
2043,27809,60,0
2044,10774,60,0
2045,30886,60,0
2046,31238,60,0
2047,10437,60,0
2048,25342,60,0
2049,30153,60,0
2050,21930,60,0
2051,11539,60,0
2052,12719,60,0
2053,27646,60,0
2054,910,60,0
2055,45968,60,0
2056,16294,60,0
2057,10305,60,0
2058,39082,60,0
2059,13093,60,0
2060,27998,60,0
2061,30201,60,0
2062,18560,60,0
2063,15308,60,0
2064,7903,60,0
2065,22446,60,0
2066,6847,60,0
2067,8137,60,0
2068,23574,60,0
2069,29210,60,0
2070,14786,60,0
2071,28290,60,0
2072,34648,60,0
2073,40932,60,0
2074,41650,60,0
2075,31855,60,0
2076,43653,60,0
2077,12455,60,0
2078,18419,60,0
2079,27470,60,0
2080,28888,60,0
2081,5875,60,0
2082,9547,60,0
2083,45057,60,0
2084,20306,60,0
2085,30231,60,0
2086,23993,60,0
2087,15068,60,0
2088,23537,60,0
2089,15630,60,0
2090,12014,60,0
2091,16328,60,0
2092,26228,60,0
2093,45751,60,0
2094,38230,60,0
2095,31791,60,0
2096,10728,60,0
2097,23162,60,0
2098,16148,60,0
2099,28622,60,0
2100,11433,60,0
2101,20665,60,0
2102,22370,60,0
2103,13668,60,0
2104,9293,60,0
2105,7899,60,0
2106,11892,60,0
2107,4106,60,0
2108,20741,60,0
2109,12190,60,0
2110,20916,60,0
2111,2007,60,0
2112,14006,60,0
2113,28060,60,0
2114,5362,60,0
2115,28674,60,0
2116,32350,60,0
2117,20117,60,0
2118,44273,60,0
2119,29517,60,0
2120,18689,60,0
2121,31297,60,0
2122,17654,60,0
2123,4712,60,0
2124,30925,60,0
2125,42997,60,0
2126,32419,60,0
2127,16075,60,0
2128,13244,60,0
2129,35709,60,0
2130,3498,60,0
2131,29985,60,0
2132,29000,60,0
2133,8372,60,0
2134,29161,60,0
2135,23654,60,0
2136,31255,60,0
2137,1157,60,0
2138,32538,60,0
2139,32104,60,0
2140,32027,60,0
2141,20007,60,0
2142,10379,60,0
2143,9022,60,0
2144,43081,60,0
2145,45726,60,0
2146,11222,60,0
2147,4892,60,0
2148,28658,60,0
2149,28562,60,0
2150,14310,60,0
2151,26037,60,0
2152,19463,60,0
2153,20244,60,0
2154,27892,60,0
2155,25629,60,0
2156,12126,60,0
2157,23277,60,0
2158,43962,60,0
2159,10304,60,0
2160,15276,60,0
2161,28644,60,0
2162,28580,60,0
2163,26590,60,0
2164,42764,60,0
2165,16299,60,0
2166,28958,60,0
2167,43140,60,0
2168,14839,60,0
2169,44521,60,0
2170,29064,60,0
2171,29415,60,0
2172,17395,60,0
2173,10613,60,0
2174,43795,60,0
2175,2034,60,0
2176,26947,60,0
2177,22712,60,0
2178,36930,60,0
2179,9490,60,0
2180,10834,60,0
2181,24797,60,0
2182,19564,60,0
2183,13257,60,0
2184,26567,60,0
2185,22783,60,0
2186,21542,60,0
2187,27379,60,0
2188,32589,60,0
2189,11876,60,0
2190,12629,60,0
2191,988,60,0
2192,27414,60,0
2193,2120,60,0
2194,2688,60,0
2195,12802,60,0
2196,34993,60,0
2197,38883,60,0
2198,20150,60,0
2199,9649,60,0
2200,3829,60,0
2201,16968,60,0
2202,14645,60,0
2203,28506,60,0
2204,15233,60,0
2205,5068,60,0
2206,13975,60,0
2207,887,60,0
2208,27908,60,0
2209,9650,60,0
2210,14623,60,0
2211,17316,60,0
2212,28545,60,0
2213,15446,60,0
2214,19462,60,0
2215,17831,60,0
2216,24626,60,0
2217,17507,60,0
2218,28919,60,0
2219,24156,60,0
2220,30281,60,0
2221,13507,60,0
2222,18849,60,0
2223,12368,60,0
2224,28766,60,0
2225,12829,60,0
2226,13087,60,0
2227,11068,60,0
2228,20547,60,0
2229,45345,60,0
2230,43391,60,0
2231,26432,60,0
2232,26647,60,0
2233,9990,60,0
2234,34067,60,0
2235,44894,60,0
2236,15435,60,0
2237,14693,60,0
2238,27480,60,0
2239,25495,60,0
2240,21228,60,0
2241,43466,60,0
2242,24338,60,0
2243,38206,60,0
2244,34485,60,0
2245,43886,60,0
2246,8620,60,0
2247,44824,60,0
2248,31126,60,0
2249,22689,60,0
2250,13086,60,0
2251,23982,60,0
2252,12458,60,0
2253,16065,60,0
2254,16613,60,0
2255,13791,60,0
2256,16534,60,0
2257,22722,60,0
2258,30722,60,0
2259,27482,60,0
2260,22677,60,0
2261,32157,60,0
2262,25581,60,0
2263,7227,60,0
2264,29266,60,0
2265,11151,60,0
2266,370,60,0
2267,9158,60,0
2268,19285,60,0
2269,13111,60,0
2270,44477,60,0
2271,17240,60,0
2272,7991,60,0
2273,30530,60,0
2274,9726,60,0
2275,21563,60,0
2276,3878,60,0
2277,13388,60,0
2278,10293,60,0
2279,13400,60,0
2280,18623,60,0
2281,15036,60,0
2282,23474,60,0
2283,42723,60,0
2284,15672,60,0
2285,32225,60,0
2286,21696,60,0
2287,38793,60,0
2288,31174,60,0
2289,23361,60,0
2290,16710,60,0
2291,30232,60,0
2292,2187,60,0
2293,40981,60,0
2294,23616,60,0
2295,34619,60,0
2296,42592,60,0
2297,29937,60,0
2298,13562,60,0
2299,27372,60,0
2300,4868,60,0
2301,27469,60,0
2302,9918,60,0
2303,4988,60,0
2304,27082,60,0
2305,10490,60,0
2306,7898,60,0
2307,16685,60,0
2308,43457,60,0
2309,26815,60,0
2310,6978,60,0
2311,34839,60,0
2312,30749,60,0
2313,5898,60,0
2314,26873,60,0
2315,30946,60,0
2316,26077,60,0
2317,18038,60,0
2318,28803,60,0
2319,43028,60,0
2320,30534,60,0
2321,911,60,0
2322,28566,60,0
2323,37341,60,0
2324,19339,60,0
2325,20604,60,0
2326,16089,60,0
2327,44198,60,0
2328,25228,60,0
2329,27989,60,0
2330,42434,60,0
2331,42352,60,0
2332,3514,60,0
2333,1541,60,0
2334,11988,60,0
2335,44951,60,0
2336,13650,60,0
2337,43937,60,0
2338,30483,60,0
2339,32105,60,0
2340,18063,60,0
2341,15566,60,0
2342,28993,60,0
2343,43455,60,0
2344,28193,60,0
2345,21632,60,0
2346,13105,60,0
2347,29962,60,0
2348,28799,60,0
2349,7872,60,0
2350,38300,60,0
2351,14429,60,0
2352,80,60,0
2353,3775,60,0
2354,27034,60,0
2355,6014,60,0
2356,46279,60,0
2357,18801,60,0
2358,28784,60,0
2359,13589,60,0
2360,45600,60,0
2361,5915,60,0
2362,22655,60,0
2363,32053,60,0
2364,2063,60,0
2365,24422,60,0
2366,46311,60,0
2367,24905,60,0
2368,13973,60,0
2369,22407,60,0
2370,17156,60,0
2371,24586,60,0
2372,3460,60,0
2373,7715,60,0
2374,28141,60,0
2375,12131,60,0
2376,28374,60,0
2377,23170,60,0
2378,13561,60,0
2379,27912,60,0
2380,34395,60,0
2381,15685,60,0
2382,26334,60,0
2383,23331,60,0
2384,25810,60,0
2385,12112,60,0
2386,31829,60,0
2387,21011,60,0
2388,18755,60,0
2389,2772,60,0
2390,1720,60,0
2391,36983,60,0
2392,7265,60,0
2393,15806,60,0
2394,43984,60,0
2395,12274,60,0
2396,11218,60,0
2397,29452,60,0
2398,45567,60,0
2399,9166,60,0
2400,11749,60,0
2401,22216,60,0
2402,13222,60,0
2403,26598,60,0
2404,7815,60,0
2405,13094,60,0
2406,31967,60,0
2407,32348,60,0
2408,33786,60,0
2409,15762,60,0
2410,28741,60,0
2411,32446,60,0
2412,7654,60,0
2413,17420,60,0
2414,11262,60,0
2415,44252,60,0
2416,31579,60,0
2417,25724,60,0
2418,17886,60,0
2419,30032,60,0
2420,29220,60,0
2421,17336,60,0
2422,28117,60,0
2423,23342,60,0
2424,21446,60,0
2425,15981,60,0
2426,25378,60,0
2427,42732,60,0
2428,43610,60,0
2429,35412,60,0
2430,26750,60,0
2431,14067,60,0
2432,12111,60,0
2433,15335,60,0
2434,11317,60,0
2435,42749,60,0
2436,35888,60,0
2437,46218,60,0
2438,27624,60,0
2439,2752,60,0
2440,44458,60,0
2441,27071,60,0
2442,21191,60,0
2443,16748,60,0
2444,11027,60,0
2445,29304,60,0
2446,13639,60,0
2447,7731,60,0
2448,9806,60,0
2449,12743,60,0
2450,4431,60,0
2451,25160,60,0
2452,19325,60,0
2453,5001,60,0
2454,7845,60,0
2455,15109,60,0
2456,26963,60,0
2457,26327,60,0
2458,10803,60,0
2459,14886,60,0
2460,20331,60,0
2461,26105,60,0
2462,15296,60,0
2463,6632,60,0
2464,11092,60,0
2465,7069,60,0
2466,12346,60,0
2467,8667,60,0
2468,1605,60,0
2469,39096,60,0
2470,29802,60,0
2471,23306,60,0
2472,30657,60,0
2473,29065,60,0
2474,10365,60,0
2475,26537,60,0
2476,8327,60,0
2477,5560,60,0
2478,4434,60,0
2479,11017,60,0
2480,11518,60,0
2481,16153,60,0
2482,29863,60,0
2483,38954,60,0
2484,20840,60,0
2485,7031,60,0
2486,15987,60,0
2487,19886,60,0
2488,12636,60,0
2489,8310,60,0
2490,12083,60,0
2491,26746,60,0
2492,4986,60,0
2493,10145,60,0
2494,11106,60,0
2495,24492,60,0
2496,43969,60,0
2497,35326,60,0
2498,15511,60,0
2499,44497,60,0
2500,18559,60,0
2501,17355,60,0
2502,45223,60,0
2503,32,60,0
2504,19204,60,0
2505,20652,60,0
2506,29403,60,0
2507,44271,60,0
2508,12304,60,0
2509,35712,60,0
2510,43468,60,0
2511,38856,60,0
2512,31504,60,0
2513,3803,60,0
2514,27117,60,0
2515,15507,60,0
2516,41983,60,0
2517,21799,60,0
2518,17330,60,0
2519,12058,60,0
2520,45568,60,0
2521,20900,60,0
2522,17589,60,0
2523,11579,60,0
2524,16994,60,0
2525,27057,60,0
2526,27074,60,0
2527,17952,60,0
2528,21425,61,1
2529,23700,61,0
2530,46325,61,0
2531,27047,61,0
2532,24507,61,0
2533,15532,61,0
2534,28348,61,0
2535,16189,61,0
2536,3833,61,0
2537,4313,61,0
2538,28669,61,0
2539,17932,61,0
2540,43757,61,0
2541,23093,61,0
2542,2690,61,0
2543,27059,61,0
2544,23919,61,0
2545,25878,61,0
2546,19471,61,0
2547,15582,61,0
2548,15502,61,0
2549,26727,61,0
2550,24646,61,0
2551,8266,61,0
2552,36949,61,0
2553,23892,61,0
2554,23113,61,0
2555,27121,61,0
2556,20089,61,0
2557,30772,61,0
2558,43362,61,0
2559,11815,61,0
2560,32210,61,0
2561,28002,61,0
2562,13976,61,0
2563,43533,61,0
2564,21414,61,0
2565,44659,61,0
2566,15750,61,0
2567,45125,61,0
2568,7117,61,0
2569,22743,61,0
2570,11883,61,0
2571,9372,61,0
2572,28503,61,0
2573,22851,61,0
2574,9858,61,0
2575,9834,61,0
2576,491,61,0
2577,13066,61,0
2578,10901,61,0
2579,11792,61,0
2580,27997,61,0
2581,12855,61,0
2582,19646,61,0
2583,11214,61,0
2584,18064,61,0
2585,28868,61,0
2586,17543,61,0
2587,15330,61,0
2588,10554,61,0
2589,14007,61,0
2590,39410,61,0
2591,17791,61,0
2592,44221,61,0
2593,14302,61,0
2594,4837,61,0
2595,14638,61,0
2596,30683,61,0
2597,31444,61,0
2598,18543,61,0
2599,10139,61,0
2600,33625,61,0
2601,15034,61,0
2602,23507,61,0
2603,14918,61,0
2604,31283,61,0
2605,22367,61,0
2606,14812,61,0
2607,28938,61,0
2608,12464,61,0
2609,2712,61,0
2610,1068,61,0
2611,23109,61,0
2612,35870,61,0
2613,19847,61,0
2614,23455,61,0
2615,43034,61,0
2616,14710,61,0
2617,25952,61,0
2618,5704,61,0
2619,22154,61,0
2620,28466,61,0
2621,40918,61,0
2622,14913,61,0
2623,3252,61,0
2624,43078,61,0
2625,24360,61,0
2626,31925,61,0
2627,15826,61,0
2628,30806,61,0
2629,45116,61,0
2630,31670,61,0
2631,10734,61,0
2632,12908,61,0
2633,19243,61,0
2634,35417,61,0
2635,38020,61,0
2636,23016,61,0
2637,36229,61,0
2638,31431,61,0
2639,13321,61,0
2640,32167,61,0
2641,43067,61,0
2642,26479,61,0
2643,6583,61,0
2644,32369,61,0
2645,19655,61,0
2646,12487,61,0
2647,35602,61,0
2648,9468,61,0
2649,42316,61,0
2650,3147,61,0
2651,9146,61,0
2652,14443,61,0
2653,17927,61,0
2654,19652,61,0
2655,3142,61,0
2656,9774,61,0
2657,29153,62,1
2658,21679,62,0
2659,11226,62,0
2660,29245,62,0
2661,32047,62,0
2662,13517,62,0
2663,29682,62,0
2664,27000,62,0
2665,34392,62,0
2666,35260,62,0
2667,10078,62,0
2668,31890,62,0
2669,14333,62,0
2670,27737,62,0
2671,20068,62,0
2672,9306,62,0
2673,34404,62,0
2674,27353,62,0
2675,38305,62,0
2676,45164,62,0
2677,34686,62,0
2678,3568,62,0
2679,18874,62,0
2680,29012,62,0
2681,25059,62,0
2682,23231,62,0
2683,16530,62,0
2684,28061,62,0
2685,15691,62,0
2686,32240,62,0
2687,6184,62,0
2688,29200,62,0
2689,21634,62,0
2690,10507,62,0
2691,13225,62,0
2692,11626,62,0
2693,18491,62,0
2694,42256,62,0
2695,11596,62,0
2696,15045,62,0
2697,843,62,0
2698,41377,62,0
2699,22909,62,0
2700,28116,62,0
2701,2038,62,0
2702,19013,62,0
2703,30659,62,0
2704,26709,62,0
2705,26983,62,0
2706,21128,62,0
2707,5712,62,0
2708,28505,62,0
2709,22769,62,0
2710,13792,62,0
2711,26657,62,0
2712,27133,62,0
2713,25927,62,0
2714,27527,62,0
2715,31668,62,0
2716,12550,62,0
2717,31696,62,0
2718,27537,62,0
2719,2675,62,0
2720,31356,62,0
2721,30058,62,0
2722,29002,62,0
2723,20624,62,0
2724,34928,62,0
2725,29227,62,0
2726,26542,62,0
2727,27324,62,0
2728,11388,62,0
2729,29528,62,0
2730,44154,62,0
2731,5051,62,0
2732,12953,62,0
2733,23588,62,0
2734,22910,62,0
2735,31666,62,0
2736,44272,62,0
2737,14289,62,0
2738,22545,62,0
2739,17109,62,0
2740,23136,62,0
2741,11600,62,0
2742,20398,62,0
2743,26850,62,0
2744,23020,62,0
2745,44638,62,0
2746,3688,62,0
2747,14406,62,0
2748,34933,62,0
2749,45727,62,0
2750,19317,62,0
2751,20824,62,0
2752,661,62,0
2753,7397,62,0
2754,28160,62,0
2755,23250,62,0
2756,28504,62,0
2757,32146,62,0
2758,28798,62,0
2759,27993,62,0
2760,7484,62,0
2761,29319,62,0
2762,26449,62,0
2763,12233,62,0
2764,396,62,0
2765,3900,62,0
2766,8135,62,0
2767,45053,62,0
2768,22477,62,0
2769,12599,62,0
2770,10045,62,0
2771,11342,62,0
2772,20510,62,0
2773,25740,62,0
2774,1945,62,0
2775,26538,62,0
2776,16247,62,0
2777,36932,62,0
2778,25634,62,0
2779,29155,62,0
2780,15426,62,0
2781,45084,62,0
2782,42989,62,0
2783,13856,62,0
2784,23344,62,0
2785,12198,62,0
2786,15405,62,0
2787,32622,62,0
2788,28366,62,0
2789,1507,62,0
2790,46051,62,0
2791,31806,62,0
2792,15486,62,0
2793,32126,62,0
2794,38301,62,0
2795,27212,62,0
2796,10329,62,0
2797,2195,62,0
2798,33228,62,0
2799,32051,62,0
2800,43551,62,0
2801,14518,62,0
2802,32036,62,0
2803,13735,62,0
2804,41400,62,0
2805,2822,62,0
2806,44847,62,0
2807,31622,62,0
2808,13895,62,0
2809,26824,62,0
2810,20704,62,0
2811,5759,62,0
2812,42112,62,0
2813,3242,62,0
2814,13229,62,0
2815,2692,62,0
2816,46369,62,0
2817,28086,62,0
2818,35064,62,0
2819,14132,62,0
2820,42961,62,0
2821,9842,62,0
2822,3437,62,0
2823,19209,62,0
2824,11502,62,0
2825,29425,62,0
2826,31044,62,0
2827,28794,62,0
2828,30933,62,0
2829,13540,62,0
2830,38478,62,0
2831,27233,62,0
2832,17097,62,0
2833,20662,62,0
2834,15568,62,0
2835,26271,62,0
2836,22264,62,0
2837,10043,62,0
2838,23844,62,0
2839,1982,62,0
2840,10468,62,0
2841,28589,62,0
2842,9960,62,0
2843,44971,62,0
2844,20608,62,0
2845,1308,62,0
2846,38161,62,0
2847,19061,62,0
2848,30894,62,0
2849,27583,62,0
2850,23806,62,0
2851,27929,62,0
2852,31525,62,0
2853,27920,62,0
2854,6454,62,0
2855,9612,62,0
2856,31166,62,0
2857,9007,62,0
2858,8037,62,0
2859,13583,62,0
2860,17488,62,0
2861,4985,62,0
2862,13245,62,0
2863,4828,62,0
2864,25690,62,0
2865,24508,62,0
2866,8470,62,0
2867,865,62,0
2868,26830,62,0
2869,22013,62,0
2870,19,62,0
2871,25198,62,0
2872,7790,62,0
2873,18766,62,0
2874,13242,62,0
2875,10904,62,0
2876,48,62,0
2877,29508,62,0
2878,39630,62,0
2879,30299,62,0
2880,32128,62,0
2881,28839,62,0
2882,21120,62,0
2883,28577,62,0
2884,8894,62,0
2885,21548,62,0
2886,11544,62,0
2887,13836,62,0
2888,23163,62,0
2889,15799,62,0
2890,20852,62,0
2891,25628,62,0
2892,23805,62,0
2893,24707,62,0
2894,32239,62,0
2895,44447,62,0
2896,3532,62,0
2897,29523,62,0
2898,19910,62,0
2899,44958,62,0
2900,24589,62,0
2901,31865,62,0
2902,6081,62,0
2903,15734,62,0
2904,15156,62,0
2905,30685,62,0
2906,30601,62,0
2907,22912,62,0
2908,32926,62,0
2909,4600,62,0
2910,15488,62,0
2911,24395,62,0
2912,16192,62,0
2913,22062,62,0
2914,12278,62,0
2915,44708,62,0
2916,39748,62,0
2917,16252,62,0
2918,5306,62,0
2919,29507,62,0
2920,31470,62,0
2921,29616,62,0
2922,43289,62,0
2923,22529,62,0
2924,24151,62,0
2925,44706,62,0
2926,28388,62,0
2927,12975,62,0
2928,25465,62,0
2929,14149,62,0
2930,18538,62,0
2931,30861,62,0
2932,2072,62,0
2933,46201,62,0
2934,31116,62,0
2935,38920,62,0
2936,32384,62,0
2937,5342,62,0
2938,27902,62,0
2939,42627,62,0
2940,3944,62,0
2941,29283,62,0
2942,45617,62,0
2943,40901,62,0
2944,18703,62,0
2945,30535,62,0
2946,20657,62,0
2947,40977,62,0
2948,12031,62,0
2949,11499,62,0
2950,17916,62,0
2951,43875,62,0
2952,30010,62,0
2953,11525,62,0
2954,29799,62,0
2955,13503,62,0
2956,35284,62,0
2957,13671,62,0
2958,29231,62,0
2959,31227,62,0
2960,14657,62,0
2961,9001,62,0
2962,20432,62,0
2963,19128,62,0
2964,8249,62,0
2965,12882,62,0
2966,1763,62,0
2967,10536,62,0
2968,20618,62,0
2969,14716,62,0
2970,6437,62,0
2971,28735,62,0
2972,16627,62,0
2973,17474,62,0
2974,16481,62,0
2975,25553,62,0
2976,28413,62,0
2977,7354,62,0
2978,44929,62,0
2979,3563,62,0
2980,46177,62,0
2981,15102,62,0
2982,14784,62,0
2983,2113,62,0
2984,30125,62,0
2985,23249,62,0
2986,27299,62,0
2987,8292,62,0
2988,16448,62,0
2989,7369,62,0
2990,16630,62,0
2991,35253,62,0
2992,13829,62,0
2993,42680,62,0
2994,6446,62,0
2995,13937,62,0
2996,37001,62,0
2997,29513,62,0
2998,18677,62,0
2999,6732,62,0
3000,12158,62,0
3001,44090,62,0
3002,5210,62,0
3003,28258,62,0
3004,14676,62,0
3005,36022,62,0
3006,17854,62,0
3007,22040,62,0
3008,43594,62,0
3009,28568,62,0
3010,13381,62,0
3011,43014,62,0
3012,45328,62,0
3013,28131,62,0
3014,31322,62,0
3015,43227,62,0
3016,1859,62,0
3017,11281,62,0
3018,27655,62,0
3019,30313,62,0
3020,42601,62,0
3021,42606,62,0
3022,31476,62,0
3023,23142,62,0
3024,18075,62,0
3025,34904,62,0
3026,30712,62,0
3027,30958,62,0
3028,15261,62,0
3029,18557,62,0
3030,25759,62,0
3031,13911,62,0
3032,5970,62,0
3033,31148,62,0
3034,5241,62,0
3035,39736,62,0
3036,11393,62,0
3037,25481,62,0
3038,10748,62,0
3039,41225,62,0
3040,15311,62,0
3041,44304,62,0
3042,32310,62,0
3043,3755,62,0
3044,43121,62,0
3045,38803,62,0
3046,43840,62,0
3047,18251,62,0
3048,7856,62,0
3049,23293,62,0
3050,22299,62,0
3051,13885,62,0
3052,26741,62,0
3053,37834,62,0
3054,45036,62,0
3055,2514,62,0
3056,26674,62,0
3057,2597,62,0
3058,24525,62,0
3059,21111,62,0
3060,32385,62,0
3061,30400,62,0
3062,27894,62,0
3063,37063,62,0
3064,23001,62,0
3065,10066,62,0
3066,15495,62,0
3067,39766,62,0
3068,18083,62,0
3069,36371,62,0
3070,44208,62,0
3071,24923,62,0
3072,14128,62,0
3073,2023,62,0
3074,11305,62,0
3075,26728,62,0
3076,6320,62,0
3077,16472,62,0
3078,31718,62,0
3079,36212,62,0
3080,30381,62,0
3081,16417,62,0
3082,3922,62,0
3083,17259,62,0
3084,28079,62,0
3085,31043,62,0
3086,19431,62,0
3087,1668,62,0
3088,10994,62,0
3089,43849,62,0
3090,6838,62,0
3091,11802,62,0
3092,10913,62,0
3093,24616,62,0
3094,10505,62,0
3095,947,62,0
3096,44779,62,0
3097,27638,62,0
3098,22405,62,0
3099,43093,62,0
3100,18177,62,0
3101,4360,62,0
3102,13787,62,0
3103,19152,62,0
3104,30912,62,0
3105,31527,62,0
3106,25347,62,0
3107,26934,62,0
3108,22141,62,0
3109,23128,62,0
3110,21178,62,0
3111,11093,62,0
3112,23284,62,0
3113,41265,62,0
3114,18295,62,0
3115,26406,62,0
3116,42687,62,0
3117,28100,62,0
3118,15237,62,0
3119,42056,62,0
3120,24839,62,0
3121,16218,62,0
3122,17364,62,0
3123,5792,62,0
3124,6406,62,0
3125,15548,62,0
3126,4500,62,0
3127,12117,62,0
3128,15827,62,0
3129,31903,62,0
3130,46321,62,0
3131,4713,62,0
3132,38019,62,0
3133,10893,62,0
3134,27011,62,0
3135,16561,62,0
3136,28145,62,0
3137,19186,62,0
3138,9955,62,0
3139,19408,62,0
3140,9174,62,0
3141,19734,62,0
3142,8324,62,0
3143,40524,62,0
3144,25206,62,0
3145,11853,62,0
3146,23481,62,0
3147,7040,62,0
3148,19193,62,0
3149,30291,62,0
3150,24280,62,0
3151,23878,62,0
3152,29641,62,0
3153,22488,62,0
3154,38881,62,0
3155,15073,62,0
3156,929,62,0
3157,23619,62,0
3158,11157,62,0
3159,20149,62,0
3160,13873,62,0
3161,28818,62,0
3162,22316,62,0
3163,31210,62,0
3164,13091,62,0
3165,13318,62,0
3166,23029,62,0
3167,43262,62,0
3168,24787,62,0
3169,27907,62,0
3170,16979,62,0
3171,22878,62,0
3172,29952,62,0
3173,40865,62,0
3174,8439,62,0
3175,9771,62,0
3176,43221,62,0
3177,25261,62,0
3178,40796,62,0
3179,31117,62,0
3180,43065,62,0
3181,11023,62,0
3182,43389,62,0
3183,23352,62,0
3184,28302,62,0
3185,36987,62,0
3186,21397,62,0
3187,14682,62,0
3188,16187,62,0
3189,34670,62,0
3190,29991,62,0
3191,23140,62,0
3192,9524,62,0
3193,10902,62,0
3194,15392,62,0
3195,45435,62,0
3196,19156,62,0
3197,28478,62,0
3198,18799,62,0
3199,26072,62,0
3200,33944,62,0
3201,7481,62,0
3202,32065,62,0
3203,32322,62,0
3204,13390,62,0
3205,29006,62,0
3206,27039,62,0
3207,14759,62,0
3208,24886,62,0
3209,8827,62,0
3210,13730,62,0
3211,7702,62,0
3212,15453,62,0
3213,17703,62,0
3214,22300,62,0
3215,28156,62,0
3216,15608,62,0
3217,26280,62,0
3218,19549,62,0
3219,13493,62,0
3220,22415,62,0
3221,45809,62,0
3222,24430,62,0
3223,25001,62,0
3224,3637,62,0
3225,22855,62,0
3226,23750,62,0
3227,3471,62,0
3228,24732,62,0
3229,9583,62,0
3230,27058,62,0
3231,32302,62,0
3232,11928,62,0
3233,7583,62,0
3234,19633,62,0
3235,31916,62,0
3236,3823,62,0
3237,9221,62,0
3238,14133,62,0
3239,3287,62,0
3240,28791,62,0
3241,23262,62,0
3242,4218,62,0
3243,6877,62,0
3244,2718,62,0
3245,13487,62,0
3246,45860,62,0
3247,11240,62,0
3248,30283,62,0
3249,37663,62,0
3250,31065,62,0
3251,15254,62,0
3252,9720,62,0
3253,2340,62,0
3254,14094,62,0
3255,26588,62,0
3256,28879,62,0
3257,46334,62,0
3258,19356,62,0
3259,6156,62,0
3260,27125,62,0
3261,12482,62,0
3262,21132,62,0
3263,27883,62,0
3264,31915,62,0
3265,28975,62,0
3266,10496,62,0
3267,9633,62,0
3268,14780,62,0
3269,18894,62,0
3270,14264,62,0
3271,13372,62,0
3272,19634,62,0
3273,44850,62,0
3274,31211,62,0
3275,13494,62,0
3276,27919,62,0
3277,11199,62,0
3278,10784,62,0
3279,9155,62,0
3280,40745,62,0
3281,37394,62,0
3282,18636,62,0
3283,23271,62,0
3284,23059,62,0
3285,26669,62,0
3286,27468,62,0
3287,26851,62,0
3288,43704,62,0
3289,19216,62,0
3290,28559,62,0
3291,17114,62,0
3292,14477,62,0
3293,4067,62,0
3294,16570,62,0
3295,14870,62,0
3296,31256,62,0
3297,32144,62,0
3298,5693,62,0
3299,29652,62,0
3300,41194,62,0
3301,33086,62,0
3302,13912,62,0
3303,10980,62,0
3304,23039,62,0
3305,5745,62,0
3306,43918,62,0
3307,20245,62,0
3308,30730,62,0
3309,26801,62,0
3310,17767,62,0
3311,30238,62,0
3312,42782,62,0
3313,5298,62,0
3314,22920,62,0
3315,1910,62,0
3316,29356,62,0
3317,22152,62,0
3318,18284,62,0
3319,29519,62,0
3320,9898,62,0
3321,26081,62,0
3322,20671,62,0
3323,28293,62,0
3324,9749,62,0
3325,12690,62,0
3326,17001,62,0
3327,28511,62,0
3328,46292,62,0
3329,14321,62,0
3330,22379,62,0
3331,24882,62,0
3332,35716,62,0
3333,15570,62,0
3334,10725,62,0
3335,11981,62,0
3336,38036,62,0
3337,24628,62,0
3338,33384,62,0
3339,27868,62,0
3340,25994,62,0
3341,11879,62,0
3342,32214,62,0
3343,8960,62,0
3344,22495,62,0
3345,18486,62,0
3346,13948,62,0
3347,13681,62,0
3348,10394,62,0
3349,10535,62,0
3350,45012,62,0
3351,14293,62,0
3352,23957,62,0
3353,32330,62,0
3354,24925,62,0
3355,17232,62,0
3356,43825,62,0
3357,42878,62,0
3358,1416,62,0
3359,9935,62,0
3360,28403,62,0
3361,12634,62,0
3362,42858,62,0
3363,32494,62,0
3364,13665,62,0
3365,6761,62,0
3366,13289,62,0
3367,1687,62,0
3368,9727,62,0
3369,18598,62,0
3370,3938,62,0
3371,28489,62,0
3372,45098,62,0
3373,27238,62,0
3374,43361,62,0
3375,18699,62,0
3376,2321,62,0
3377,20022,62,0
3378,6909,62,0
3379,8434,62,0
3380,8459,62,0
3381,604,62,0
3382,20603,62,0
3383,30644,62,0
3384,36082,62,0
3385,41115,62,0
3386,21134,62,0
3387,14412,62,0
3388,709,62,0
3389,36289,62,0
3390,22217,62,0
3391,16061,62,0
3392,43346,62,0
3393,25067,62,0
3394,43120,62,0
3395,9569,62,0
3396,34023,62,0
3397,39356,62,0
3398,29769,62,0
3399,19988,62,0
3400,28343,62,0
3401,27712,62,0
3402,1914,62,0
3403,7565,62,0
3404,22766,62,0
3405,6698,62,0
3406,15645,62,0
3407,9163,62,0
3408,3959,62,0
3409,36088,62,0
3410,18732,62,0
3411,8671,62,0
3412,43430,62,0
3413,11002,62,0
3414,11448,62,0
3415,37336,62,0
3416,42884,62,0
3417,14,62,0
3418,30495,62,0
3419,20477,62,0
3420,15603,62,0
3421,30691,62,0
3422,31707,62,0
3423,10087,62,0
3424,23359,62,0
3425,24614,62,0
3426,30110,62,0
3427,12036,62,0
3428,19675,62,0
3429,29217,62,0
3430,29851,62,0
3431,29313,62,0
3432,10751,62,0
3433,27206,62,0
3434,11762,62,0
3435,5216,62,0
3436,18759,62,0
3437,44119,62,0
3438,13076,62,0
3439,45902,62,0
3440,41117,62,0
3441,3127,62,0
3442,27986,62,0
3443,7695,62,0
3444,21809,62,0
3445,14161,62,0
3446,21666,62,0
3447,27302,62,0
3448,26376,62,0
3449,3371,62,0
3450,19269,62,0
3451,2137,62,0
3452,21619,62,0
3453,2754,62,0
3454,17657,62,0
3455,9161,62,0
3456,14962,62,0
3457,17626,62,0
3458,33570,62,0
3459,39231,62,0
3460,42667,62,0
3461,38317,62,0
3462,12640,62,0
3463,39393,62,0
3464,2184,62,0
3465,28072,62,0
3466,13592,62,0
3467,32241,62,0
3468,26968,62,0
3469,21280,62,0
3470,13616,62,0
3471,31974,62,0
3472,8167,62,0
3473,18280,62,0
3474,44771,62,0
3475,23212,62,0
3476,34224,62,0
3477,1938,62,0
3478,13363,62,0
3479,13377,62,0
3480,17312,62,0
3481,90,62,0
3482,12858,62,0
3483,42150,62,0
3484,29080,62,0
3485,30941,62,0
3486,14070,62,0
3487,46198,62,0
3488,12536,62,0
3489,5020,62,0
3490,46281,62,0
3491,45812,62,0
3492,14741,62,0
3493,13529,62,0
3494,13942,62,0
3495,23092,62,0
3496,28854,62,0
3497,9481,62,0
3498,13647,62,0
3499,23688,62,0
3500,23536,62,0
3501,22950,62,0
3502,19607,62,0
3503,15299,62,0
3504,30569,62,0
3505,21175,62,0
3506,33650,62,0
3507,30661,62,0
3508,33164,62,0
3509,13300,62,0
3510,22091,62,0
3511,30298,62,0
3512,7066,62,0
3513,28593,62,0
3514,19253,62,0
3515,10461,62,0
3516,27462,62,0
3517,24143,62,0
3518,41634,62,0
3519,9539,62,0
3520,24642,62,0
3521,28231,62,0
3522,45622,62,0
3523,6342,62,0
3524,38943,62,0
3525,33474,62,0
3526,4151,62,0
3527,26490,62,0
3528,5514,62,0
3529,26670,62,0
3530,28188,62,0
3531,45230,62,0
3532,11838,62,0
3533,35873,62,0
3534,18971,62,0
3535,11780,62,0
3536,1602,62,0
3537,11186,62,0
3538,1049,62,0
3539,25343,62,0
3540,40546,62,0
3541,27176,62,0
3542,5720,62,0
3543,1604,62,0
3544,13192,62,0
3545,14498,62,0
3546,9676,62,0
3547,14837,62,0
3548,21224,62,0
3549,3685,62,0
3550,5910,62,0
3551,27006,62,0
3552,2180,62,0
3553,23195,62,0
3554,43355,62,0
3555,44401,62,0
3556,36352,62,0
3557,18154,62,0
3558,7901,62,0
3559,13502,62,0
3560,26157,62,0
3561,26120,62,0
3562,12836,62,0
3563,23571,62,0
3564,3597,62,0
3565,29911,62,0
3566,30514,62,0
3567,23885,62,0
3568,18398,62,0
3569,5794,62,0
3570,2244,62,0
3571,19511,62,0
3572,44039,62,0
3573,16467,62,0
3574,28233,62,0
3575,44186,62,0
3576,10200,62,0
3577,4956,62,0
3578,15458,62,0
3579,11705,62,0
3580,13667,62,0
3581,2350,62,0
3582,28165,62,0
3583,31605,62,0
3584,28382,62,0
3585,13846,62,0
3586,24188,62,0
3587,10363,62,0
3588,29620,62,0
3589,44251,62,0
3590,33915,62,0
3591,30074,62,0
3592,33686,62,0
3593,14585,62,0
3594,26641,62,0
3595,29342,62,0
3596,21000,62,0
3597,10790,62,0
3598,43595,62,0
3599,31757,62,0
3600,7644,62,0
3601,19658,62,0
3602,4294,62,0
3603,20168,62,0
3604,27264,62,0
3605,3784,62,0
3606,33673,62,0
3607,30917,62,0
3608,29167,62,0
3609,26923,62,0
3610,30324,62,0
3611,27190,62,0
3612,20674,62,0
3613,888,62,0
3614,4503,62,0
3615,26108,62,0
3616,11204,62,0
3617,29027,62,0
3618,5425,62,0
3619,15723,62,0
3620,38663,62,0
3621,24087,62,0
3622,35928,62,0
3623,11121,62,0
3624,45099,62,0
3625,28082,62,0
3626,10163,62,0
3627,24501,62,0
3628,42781,62,0
3629,30626,62,0
3630,20122,62,0
3631,16552,62,0
3632,19595,62,0
3633,13848,62,0
3634,22086,62,0
3635,23433,62,0
3636,6132,63,1
